<?xml version="1.0" encoding="UTF-8"?>
<lom xmlns="http://ltsc.ieee.org/xsd/LOM" xmlns:xsi="http://www.w3.org/2001/XMLSchema-instance" xsi:schemaLocation="http://ltsc.ieee.org/xsd/LOM lomCustom.xsd"><general uniqueElementName="general"><identifier><catalog uniqueElementName="catalog">Catálogo</catalog><entry uniqueElementName="entry">4a7d755e-34a5-410a-a7d4-601881136623</entry></identifier><title uniqueElementName="title"><string language="es">Herramientas para la creación de aulas virtuales</string></title><language>es</language><description><string language="es">Herramientas para la creación de aulas virtuales</string></description><keyword><string language="es">herramientas TIC</string></keyword><aggregationLevel uniqueElementName="aggregationLevel"><source uniqueElementName="source">LOM-ESv1.0</source><value uniqueElementName="value">2</value></aggregationLevel></general><lifeCycle uniqueElementName="lifeCycle"><version uniqueElementName="version"><string language="es"/></version><status uniqueElementName="status"><source uniqueElementName="source">LOM-ESv1.0</source><value uniqueElementName="value">final</value></status><contribute><role uniqueElementName="role"><source uniqueElementName="source">LOM-ESv1.0</source><value uniqueElementName="value">author</value></role><entity>BEGIN:VCARD VERSION:3.0 FN:María Belén Guacapiña Cevallos EMAIL;TYPE=INTERNET:mabegc94@gmail.com ORG:Escuela Politécnica Nacional END:VCARD</entity><date uniqueElementName="date"><dateTime uniqueElementName="dateTime">2019-11-27T00:03:43.00-05:00</dateTime><description><string language="es">Fecha de creación de los metadatos</string></description></date></contribute><contribute><role uniqueElementName="role"><source uniqueElementName="source">LOM-ESv1.0</source><value uniqueElementName="value">author</value></role><entity>BEGIN:VCARD VERSION:3.0 FN:María Belén Guacapiña Cevallos EMAIL;TYPE=INTERNET: ORG: END:VCARD</entity><date uniqueElementName="date"><dateTime uniqueElementName="dateTime">2020-01-04T02:01:06.00-05:00</dateTime><description><string language="es">Fecha de creación de los metadatos</string></description></date></contribute></lifeCycle><metaMetadata uniqueElementName="metaMetadata"><identifier><catalog uniqueElementName="catalog">Catálogo Videos</catalog></identifier><contribute><role uniqueElementName="role"><source uniqueElementName="source">LOM-ESv1.0</source><value uniqueElementName="value">creator</value></role><entity>BEGIN:VCARD VERSION:3.0 FN:María Belén Guacapiña Cevallos EMAIL;TYPE=INTERNET:mabegc94@gmail.com ORG:Escuela Politécnica Nacional END:VCARD</entity><date uniqueElementName="date"><dateTime uniqueElementName="dateTime">2019-11-27T00:03:43.00-05:00</dateTime><description><string language="es">Fecha de creación de los metadatos</string></description></date></contribute><contribute><role uniqueElementName="role"><source uniqueElementName="source">LOM-ESv1.0</source><value uniqueElementName="value">creator</value></role><entity>BEGIN:VCARD VERSION:3.0 FN:María Belén Guacapiña Cevallos EMAIL;TYPE=INTERNET: ORG: END:VCARD</entity><date uniqueElementName="date"><dateTime uniqueElementName="dateTime">2020-01-04T02:01:06.00-05:00</dateTime><description><string language="es">Fecha de creación de los metadatos</string></description></date></contribute><metadataSchema>LOM-ESv1.0</metadataSchema><language>es</language></metaMetadata><technical uniqueElementName="technical"><otherPlatformRequirements><string language="es">editor: eXe Learning</string></otherPlatformRequirements></technical><educational><learningResourceType><source uniqueElementName="source">LOM-ESv1.0</source><value uniqueElementName="value">process/procedure supporting tools</value></learningResourceType><learningResourceType><source uniqueElementName="source">LOM-ESv1.0</source><value uniqueElementName="value">guided reading</value></learningResourceType><interactivityLevel uniqueElementName="interactivityLevel"><source uniqueElementName="source">LOM-ESv1.0</source><value uniqueElementName="value">low</value></interactivityLevel><intendedEndUserRole><source uniqueElementName="source">LOM-ESv1.0</source><value uniqueElementName="value">general public</value></intendedEndUserRole><intendedEndUserRole><source uniqueElementName="source">LOM-ESv1.0</source><value uniqueElementName="value">learner</value></intendedEndUserRole><context><source uniqueElementName="source">LOM-ESv1.0</source><value uniqueElementName="value">independent</value></context><context><source uniqueElementName="source">LOM-ESv1.0</source><value uniqueElementName="value">presencial</value></context><context><source uniqueElementName="source">LOM-ESv1.0</source><value uniqueElementName="value">classroom</value></context><difficulty uniqueElementName="difficulty"><source uniqueElementName="source">LOM-ESv1.0</source><value uniqueElementName="value">easy</value></difficulty><language>es</language></educational><rights uniqueElementName="rights"><cost uniqueElementName="cost"><source uniqueElementName="source">LOM-ESv1.0</source><value uniqueElementName="value">no</value></cost><copyrightAndOtherRestrictions uniqueElementName="copyrightAndOtherRestrictions"><source uniqueElementName="source">LOM-ESv1.0</source><value uniqueElementName="value">creative commons: attribution - share alike</value></copyrightAndOtherRestrictions><access uniqueElementName="access"><accessType uniqueElementName="accessType"><source uniqueElementName="source">LOM-ESv1.0</source><value uniqueElementName="value">universal</value></accessType><description><string language="en">Default</string></description></access></rights></lom>