<?xml version="1.0" encoding="UTF-8"?>
<!-- Generated by eXe - http://exelearning.net -->
<manifest identifier="eXer_formatos5d5bab1424c79982db1" xmlns="http://www.imsproject.org/xsd/imscp_rootv1p1p2" xmlns:adlcp="http://www.adlnet.org/xsd/adlcp_rootv1p2" xmlns:imsmd="http://www.imsglobal.org/xsd/imsmd_v1p2" xmlns:xsi="http://www.w3.org/2001/XMLSchema-instance" xsi:schemaLocation="http://www.imsproject.org/xsd/imscp_rootv1p1p2 imscp_rootv1p1p2.xsd http://www.imsglobal.org/xsd/imsmd_rootv1p2p1 imsmd_rootv1p2p1.xsd http://www.adlnet.org/xsd/adlcp_rootv1p2 adlcp_rootv1p2.xsd" > 
<metadata> 
 <schema>ADL SCORM</schema> 
 <schemaversion>1.2</schemaversion> 
 <adlcp:location>imslrm.xml</adlcp:location> 
</metadata> 
<organizations default="eXer_formatos5d5bab1424c79982db2">  
    <organization identifier="eXer_formatos5d5bab1424c79982db2" structure="hierarchical">
        <title>Herramientas para convertir archivos</title>
<item identifier="ITEM-eXer_formatos5d5bab1424c79982db3" isvisible="true" identifierref="RES-eXer_formatos5d5bab1424c79982db4">
    <title>Introducción</title>
<item identifier="ITEM-eXer_formatos5d5bab1424c79982db5" isvisible="true" identifierref="RES-eXer_formatos5d5bab1424c79982db6">
    <title>Objetivo</title>
</item>
<item identifier="ITEM-eXer_formatos5d5bab1424c79982db7" isvisible="true" identifierref="RES-eXer_formatos5d5bab1424c79982db8">
    <title>Herramientas para conversión de formatos</title>
<item identifier="ITEM-eXer_formatos5d5bab1424c79982dc9" isvisible="true" identifierref="RES-eXer_formatos5d5bab1424c79982dca">
    <title>Google Docs</title>
</item>
<item identifier="ITEM-eXer_formatos5d5bab1424c79982dcb" isvisible="true" identifierref="RES-eXer_formatos5d5bab1424c79982dcc">
    <title>iLovepdf</title>
</item>
<item identifier="ITEM-eXer_formatos5d5bab1424c79982dcd" isvisible="true" identifierref="RES-eXer_formatos5d5bab1424c79982dce">
    <title>Online-convert.com</title>
</item>
</item>
<item identifier="ITEM-eXer_formatos5d5bab1424c79982dcf" isvisible="true" identifierref="RES-eXer_formatos5d5bab1424c79982dc10">
    <title>Autoevaluación</title>
</item>
<item identifier="ITEM-eXer_formatos5d5bab1424c79982dd11" isvisible="true" identifierref="RES-eXer_formatos5d5bab1424c79982dd12">
    <title>Descarga</title>
</item>
<item identifier="ITEM-eXer_formatos5d5bab1424c79982dd13" isvisible="true" identifierref="RES-eXer_formatos5d5bab1424c79982dd14">
    <title>Bibliografía</title>
</item>
</item>
  </organization>
</organizations>
<resources>
  <resource identifier="RES-eXer_formatos5d5bab1424c79982db4" type="webcontent" adlcp:scormtype="sco" href="index.html"> 
    <file href="index.html"/> 
    <file href="exe_html5.js"/>
    <file href="150EPN.png"/>
    <dependency identifierref="COMMON_FILES"/>
  </resource>
  <resource identifier="RES-eXer_formatos5d5bab1424c79982db6" type="webcontent" adlcp:scormtype="sco" href="objetivo.html"> 
    <file href="objetivo.html"/> 
    <file href="exe_html5.js"/>
    <dependency identifierref="COMMON_FILES"/>
  </resource>
  <resource identifier="RES-eXer_formatos5d5bab1424c79982db8" type="webcontent" adlcp:scormtype="sco" href="herramientas_para_conversin_de_formatos.html"> 
    <file href="herramientas_para_conversin_de_formatos.html"/> 
    <file href="exe_html5.js"/>
    <file href="WhatsApp_Image_2019-11-29_at_12.25.53_AM.jpeg"/>
    <file href="PowtoonCarrusel.1.jpg"/>
    <file href="ilovepdfCarrusel.jpg"/>
    <file href="GoogleDocsCarrusel.jpg"/>
    <file href="OconvertCarrusel.png"/>
    <file href="WideoCarrusel.jpg"/>
    <file href="Logo_Inclusion_Digital.jpeg"/>
    <file href="Pixorial.jpg"/>
    <file href="AnimotoCarrusel.png"/>
    <file href="PowtoonCarrusel.jpg"/>
    <file href="exe_effects.css"/>
    <file href="exe_effects.js"/>
    <dependency identifierref="COMMON_FILES"/>
  </resource>
  <resource identifier="RES-eXer_formatos5d5bab1424c79982dca" type="webcontent" adlcp:scormtype="sco" href="google_docs.html"> 
    <file href="google_docs.html"/> 
    <file href="exe_html5.js"/>
    <file href="googleDocsLogo.jpg"/>
    <file href="Powtoon.png"/>
    <dependency identifierref="COMMON_FILES"/>
  </resource>
  <resource identifier="RES-eXer_formatos5d5bab1424c79982dcc" type="webcontent" adlcp:scormtype="sco" href="ilovepdf.html"> 
    <file href="ilovepdf.html"/> 
    <file href="exe_html5.js"/>
    <file href="wideo.png"/>
    <file href="ilovepdfLogo.jpg"/>
    <dependency identifierref="COMMON_FILES"/>
  </resource>
  <resource identifier="RES-eXer_formatos5d5bab1424c79982dce" type="webcontent" adlcp:scormtype="sco" href="onlineconvertcom.html"> 
    <file href="onlineconvertcom.html"/> 
    <file href="exe_html5.js"/>
    <file href="OconvertLogo.png"/>
    <file href="animotoLogo.jpg"/>
    <dependency identifierref="COMMON_FILES"/>
  </resource>
  <resource identifier="RES-eXer_formatos5d5bab1424c79982dc10" type="webcontent" adlcp:scormtype="sco" href="autoevaluacin.html"> 
    <file href="autoevaluacin.html"/> 
    <file href="exe_html5.js"/>
    <dependency identifierref="COMMON_FILES"/>
  </resource>
  <resource identifier="RES-eXer_formatos5d5bab1424c79982dd12" type="webcontent" adlcp:scormtype="sco" href="descarga.html"> 
    <file href="descarga.html"/> 
    <file href="exe_html5.js"/>
    <file href="Herramientas_para_convertir_formatos.elp"/>
    <file href="download-package-licenses.png"/>
    <file href="download-package.css"/>
    <dependency identifierref="COMMON_FILES"/>
  </resource>
  <resource identifier="RES-eXer_formatos5d5bab1424c79982dd14" type="webcontent" adlcp:scormtype="sco" href="bibliografa.html"> 
    <file href="bibliografa.html"/> 
    <file href="exe_html5.js"/>
    <dependency identifierref="COMMON_FILES"/>
  </resource>
  <resource identifier="COMMON_FILES" type="webcontent" adlcp:scormtype="asset">
    <file href="config.xml"/>
    <file href="content.css"/>
    <file href="icon_activity.png"/>
    <file href="icon_ask.png"/>
    <file href="icon_book.png"/>
    <file href="icon_calculate.png"/>
    <file href="icon_case.png"/>
    <file href="icon_diary.png"/>
    <file href="icon_discuss.png"/>
    <file href="icon_draw.png"/>
    <file href="icon_experiment.png"/>
    <file href="icon_explore.png"/>
    <file href="icon_file.png"/>
    <file href="icon_gallery.png"/>
    <file href="icon_interactive.png"/>
    <file href="icon_listen.png"/>
    <file href="icon_objectives.png"/>
    <file href="icon_observe.png"/>
    <file href="icon_perform.png"/>
    <file href="icon_play.png"/>
    <file href="icon_present.png"/>
    <file href="icon_reflection.png"/>
    <file href="icon_share.png"/>
    <file href="icon_start.png"/>
    <file href="icon_think.png"/>
    <file href="icon_video.png"/>
    <file href="nav.css"/>
    <file href="quicksand-regular-latin-ext.woff2"/>
    <file href="quicksand-regular-latin.woff2"/>
    <file href="quicksand-regular-vietnamese.woff2"/>
    <file href="_cedec_external_link.png"/>
    <file href="_cedec_icons.png"/>
    <file href="_cedec_icon_alert.png"/>
    <file href="_cedec_icon_danger.png"/>
    <file href="_cedec_icon_info.png"/>
    <file href="_cedec_icon_success.png"/>
    <file href="_cedec_icon_warning.png"/>
    <file href="_cedec_js.js"/>
    <file href="_cedec_left_column.gif"/>
    <file href="_cedec_licenses.gif"/>
    <file href="_cedec_loading.gif"/>
    <file href="_cedec_menu.gif"/>
    <file href="_cedec_pbl_duration.png"/>
    <file href="_cedec_pbl_participants.png"/>
    <file href="_cedec_print.gif"/>
    <file href="base.css"/>
    <file href="popup_bg.gif"/>
    <file href="SCORM_API_wrapper.js"/>
    <file href="SCOFunctions.js"/>
    <file href="common.js"/>
    <file href="common_i18n.js"/>
    <file href="exe_jquery.js"/>
  </resource>
</resources>
</manifest>
