<?xml version="1.0" encoding="UTF-8"?>
<!-- Generated by eXe - http://exelearning.net -->
<manifest identifier="eXe_proyectos5d5bab1424c7999b2f1" xmlns="http://www.imsproject.org/xsd/imscp_rootv1p1p2" xmlns:adlcp="http://www.adlnet.org/xsd/adlcp_rootv1p2" xmlns:imsmd="http://www.imsglobal.org/xsd/imsmd_v1p2" xmlns:xsi="http://www.w3.org/2001/XMLSchema-instance" xsi:schemaLocation="http://www.imsproject.org/xsd/imscp_rootv1p1p2 imscp_rootv1p1p2.xsd http://www.imsglobal.org/xsd/imsmd_rootv1p2p1 imsmd_rootv1p2p1.xsd http://www.adlnet.org/xsd/adlcp_rootv1p2 adlcp_rootv1p2.xsd" > 
<metadata> 
 <schema>ADL SCORM</schema> 
 <schemaversion>1.2</schemaversion> 
 <adlcp:location>imslrm.xml</adlcp:location> 
</metadata> 
<organizations default="eXe_proyectos5d5bab1424c7999b2f2">  
    <organization identifier="eXe_proyectos5d5bab1424c7999b2f2" structure="hierarchical">
        <title>Herramientas para organizar proyectos</title>
<item identifier="ITEM-eXe_proyectos5d5bab1424c7999b2f3" isvisible="true" identifierref="RES-eXe_proyectos5d5bab1424c7999b2f4">
    <title>Introducción</title>
<item identifier="ITEM-eXe_proyectos5d5bab1424c7999b305" isvisible="true" identifierref="RES-eXe_proyectos5d5bab1424c7999b306">
    <title>Objetivo</title>
</item>
<item identifier="ITEM-eXe_proyectos5d5bab1424c7999b307" isvisible="true" identifierref="RES-eXe_proyectos5d5bab1424c7999b308">
    <title>Herramientas para organizar proyectos</title>
<item identifier="ITEM-eXe_proyectos5d5bab1424c7999b309" isvisible="true" identifierref="RES-eXe_proyectos5d5bab1424c7999b30a">
    <title>Wrike</title>
</item>
<item identifier="ITEM-eXe_proyectos5d5bab1424c7999b30b" isvisible="true" identifierref="RES-eXe_proyectos5d5bab1424c7999b30c">
    <title>Zoho Project</title>
</item>
<item identifier="ITEM-eXe_proyectos5d5bab1424c7999b31d" isvisible="true" identifierref="RES-eXe_proyectos5d5bab1424c7999b31e">
    <title>Sinnaps</title>
</item>
</item>
<item identifier="ITEM-eXe_proyectos5d5bab1424c7999b31f" isvisible="true" identifierref="RES-eXe_proyectos5d5bab1424c7999b3110">
    <title>Autoevaluación</title>
</item>
<item identifier="ITEM-eXe_proyectos5d5bab1424c7999b3111" isvisible="true" identifierref="RES-eXe_proyectos5d5bab1424c7999b3112">
    <title>Descarga</title>
</item>
<item identifier="ITEM-eXe_proyectos5d5bab1424c7999b3213" isvisible="true" identifierref="RES-eXe_proyectos5d5bab1424c7999b3214">
    <title>Bibliografía</title>
</item>
</item>
  </organization>
</organizations>
<resources>
  <resource identifier="RES-eXe_proyectos5d5bab1424c7999b2f4" type="webcontent" adlcp:scormtype="sco" href="index.html"> 
    <file href="index.html"/> 
    <file href="exe_html5.js"/>
    <file href="150EPN.png"/>
    <dependency identifierref="COMMON_FILES"/>
  </resource>
  <resource identifier="RES-eXe_proyectos5d5bab1424c7999b306" type="webcontent" adlcp:scormtype="sco" href="objetivo.html"> 
    <file href="objetivo.html"/> 
    <file href="exe_html5.js"/>
    <dependency identifierref="COMMON_FILES"/>
  </resource>
  <resource identifier="RES-eXe_proyectos5d5bab1424c7999b308" type="webcontent" adlcp:scormtype="sco" href="herramientas_para_organizar_proyectos.html"> 
    <file href="herramientas_para_organizar_proyectos.html"/> 
    <file href="exe_html5.js"/>
    <file href="SinnapsCarrusel.jpg"/>
    <file href="ZohoProjectCarrusel.png"/>
    <file href="WhatsApp_Image_2019-11-29_at_12.25.53_AM.jpeg"/>
    <file href="PowtoonCarrusel.1.jpg"/>
    <file href="Pixorial.jpg"/>
    <file href="WrikeCarrusel.png"/>
    <file href="WideoCarrusel.jpg"/>
    <file href="Logo_Inclusion_Digital.jpeg"/>
    <file href="AnimotoCarrusel.png"/>
    <file href="PowtoonCarrusel.jpg"/>
    <file href="exe_effects.css"/>
    <file href="exe_effects.js"/>
    <dependency identifierref="COMMON_FILES"/>
  </resource>
  <resource identifier="RES-eXe_proyectos5d5bab1424c7999b30a" type="webcontent" adlcp:scormtype="sco" href="wrike.html"> 
    <file href="wrike.html"/> 
    <file href="exe_html5.js"/>
    <file href="Powtoon.png"/>
    <file href="WrikeLogo.png"/>
    <dependency identifierref="COMMON_FILES"/>
  </resource>
  <resource identifier="RES-eXe_proyectos5d5bab1424c7999b30c" type="webcontent" adlcp:scormtype="sco" href="zoho_project.html"> 
    <file href="zoho_project.html"/> 
    <file href="exe_html5.js"/>
    <file href="zoho-projectsLogo.jpg"/>
    <file href="wideo.png"/>
    <dependency identifierref="COMMON_FILES"/>
  </resource>
  <resource identifier="RES-eXe_proyectos5d5bab1424c7999b31e" type="webcontent" adlcp:scormtype="sco" href="sinnaps.html"> 
    <file href="sinnaps.html"/> 
    <file href="exe_html5.js"/>
    <file href="sinnapsLogo.jpg"/>
    <file href="animotoLogo.jpg"/>
    <dependency identifierref="COMMON_FILES"/>
  </resource>
  <resource identifier="RES-eXe_proyectos5d5bab1424c7999b3110" type="webcontent" adlcp:scormtype="sco" href="autoevaluacin.html"> 
    <file href="autoevaluacin.html"/> 
    <file href="exe_html5.js"/>
    <dependency identifierref="COMMON_FILES"/>
  </resource>
  <resource identifier="RES-eXe_proyectos5d5bab1424c7999b3112" type="webcontent" adlcp:scormtype="sco" href="descarga.html"> 
    <file href="descarga.html"/> 
    <file href="exe_html5.js"/>
    <file href="Herramientas_para_organizar_proyectos.elp"/>
    <file href="download-package-licenses.png"/>
    <file href="download-package.css"/>
    <dependency identifierref="COMMON_FILES"/>
  </resource>
  <resource identifier="RES-eXe_proyectos5d5bab1424c7999b3214" type="webcontent" adlcp:scormtype="sco" href="bibliografa.html"> 
    <file href="bibliografa.html"/> 
    <file href="exe_html5.js"/>
    <dependency identifierref="COMMON_FILES"/>
  </resource>
  <resource identifier="COMMON_FILES" type="webcontent" adlcp:scormtype="asset">
    <file href="config.xml"/>
    <file href="content.css"/>
    <file href="icon_activity.png"/>
    <file href="icon_ask.png"/>
    <file href="icon_book.png"/>
    <file href="icon_calculate.png"/>
    <file href="icon_case.png"/>
    <file href="icon_diary.png"/>
    <file href="icon_discuss.png"/>
    <file href="icon_draw.png"/>
    <file href="icon_experiment.png"/>
    <file href="icon_explore.png"/>
    <file href="icon_file.png"/>
    <file href="icon_gallery.png"/>
    <file href="icon_interactive.png"/>
    <file href="icon_listen.png"/>
    <file href="icon_objectives.png"/>
    <file href="icon_observe.png"/>
    <file href="icon_perform.png"/>
    <file href="icon_play.png"/>
    <file href="icon_present.png"/>
    <file href="icon_reflection.png"/>
    <file href="icon_share.png"/>
    <file href="icon_start.png"/>
    <file href="icon_think.png"/>
    <file href="icon_video.png"/>
    <file href="nav.css"/>
    <file href="quicksand-regular-latin-ext.woff2"/>
    <file href="quicksand-regular-latin.woff2"/>
    <file href="quicksand-regular-vietnamese.woff2"/>
    <file href="_cedec_external_link.png"/>
    <file href="_cedec_icons.png"/>
    <file href="_cedec_icon_alert.png"/>
    <file href="_cedec_icon_danger.png"/>
    <file href="_cedec_icon_info.png"/>
    <file href="_cedec_icon_success.png"/>
    <file href="_cedec_icon_warning.png"/>
    <file href="_cedec_js.js"/>
    <file href="_cedec_left_column.gif"/>
    <file href="_cedec_licenses.gif"/>
    <file href="_cedec_loading.gif"/>
    <file href="_cedec_menu.gif"/>
    <file href="_cedec_pbl_duration.png"/>
    <file href="_cedec_pbl_participants.png"/>
    <file href="_cedec_print.gif"/>
    <file href="base.css"/>
    <file href="popup_bg.gif"/>
    <file href="SCORM_API_wrapper.js"/>
    <file href="SCOFunctions.js"/>
    <file href="common.js"/>
    <file href="common_i18n.js"/>
    <file href="exe_jquery.js"/>
  </resource>
</resources>
</manifest>
