<?xml version="1.0" encoding="UTF-8"?>
<!-- Generated by eXe - http://exelearning.net -->
<manifest identifier="eXe_de_videos5d5bab1424c79959b71" xmlns="http://www.imsproject.org/xsd/imscp_rootv1p1p2" xmlns:adlcp="http://www.adlnet.org/xsd/adlcp_rootv1p2" xmlns:imsmd="http://www.imsglobal.org/xsd/imsmd_v1p2" xmlns:xsi="http://www.w3.org/2001/XMLSchema-instance" xsi:schemaLocation="http://www.imsproject.org/xsd/imscp_rootv1p1p2 imscp_rootv1p1p2.xsd http://www.imsglobal.org/xsd/imsmd_rootv1p2p1 imsmd_rootv1p2p1.xsd http://www.adlnet.org/xsd/adlcp_rootv1p2 adlcp_rootv1p2.xsd" > 
<metadata> 
 <schema>ADL SCORM</schema> 
 <schemaversion>1.2</schemaversion> 
 <adlcp:location>imslrm.xml</adlcp:location> 
</metadata> 
<organizations default="eXe_de_videos5d5bab1424c79959b72">  
    <organization identifier="eXe_de_videos5d5bab1424c79959b72" structure="hierarchical">
        <title>Herramientas para la creación de videos educativos</title>
<item identifier="ITEM-eXe_de_videos5d5bab1424c79959b73" isvisible="true" identifierref="RES-eXe_de_videos5d5bab1424c79959b74">
    <title>Introducción</title>
<item identifier="ITEM-eXe_de_videos5d5bab1424c79959b75" isvisible="true" identifierref="RES-eXe_de_videos5d5bab1424c79959b76">
    <title>Objetivo</title>
</item>
<item identifier="ITEM-eXe_de_videos5d5bab1424c79959b77" isvisible="true" identifierref="RES-eXe_de_videos5d5bab1424c79959b78">
    <title>Herramientas para creación de videos</title>
<item identifier="ITEM-eXe_de_videos5d5bab1424c79959b89" isvisible="true" identifierref="RES-eXe_de_videos5d5bab1424c79959b8a">
    <title>Powtoon</title>
</item>
<item identifier="ITEM-eXe_de_videos5d5bab1424c79959b8b" isvisible="true" identifierref="RES-eXe_de_videos5d5bab1424c79959b8c">
    <title>Wideo</title>
</item>
<item identifier="ITEM-eXe_de_videos5d5bab1424c79959b8d" isvisible="true" identifierref="RES-eXe_de_videos5d5bab1424c79959b8e">
    <title>Animoto</title>
</item>
</item>
<item identifier="ITEM-eXe_de_videos5d5bab1424c79959b8f" isvisible="true" identifierref="RES-eXe_de_videos5d5bab1424c79959b810">
    <title>Autoevaluación</title>
</item>
<item identifier="ITEM-eXe_de_videos5d5bab1424c79959b911" isvisible="true" identifierref="RES-eXe_de_videos5d5bab1424c79959b912">
    <title>Descarga</title>
</item>
<item identifier="ITEM-eXe_de_videos5d5bab1424c79959b913" isvisible="true" identifierref="RES-eXe_de_videos5d5bab1424c79959b914">
    <title>Bibliografía</title>
</item>
</item>
  </organization>
</organizations>
<resources>
  <resource identifier="RES-eXe_de_videos5d5bab1424c79959b74" type="webcontent" adlcp:scormtype="sco" href="index.html"> 
    <file href="index.html"/> 
    <file href="exe_html5.js"/>
    <file href="150EPN.png"/>
    <dependency identifierref="COMMON_FILES"/>
  </resource>
  <resource identifier="RES-eXe_de_videos5d5bab1424c79959b76" type="webcontent" adlcp:scormtype="sco" href="objetivo.html"> 
    <file href="objetivo.html"/> 
    <file href="exe_html5.js"/>
    <dependency identifierref="COMMON_FILES"/>
  </resource>
  <resource identifier="RES-eXe_de_videos5d5bab1424c79959b78" type="webcontent" adlcp:scormtype="sco" href="herramientas_para_creacin_de_videos.html"> 
    <file href="herramientas_para_creacin_de_videos.html"/> 
    <file href="exe_html5.js"/>
    <file href="WhatsApp_Image_2019-11-29_at_12.25.53_AM.jpeg"/>
    <file href="PowtoonCarrusel.1.jpg"/>
    <file href="Pixorial.jpg"/>
    <file href="WideoCarrusel.jpg"/>
    <file href="Logo_Inclusion_Digital.jpeg"/>
    <file href="AnimotoCarrusel.png"/>
    <file href="PowtoonCarrusel.jpg"/>
    <file href="exe_effects.css"/>
    <file href="exe_effects.js"/>
    <dependency identifierref="COMMON_FILES"/>
  </resource>
  <resource identifier="RES-eXe_de_videos5d5bab1424c79959b8a" type="webcontent" adlcp:scormtype="sco" href="powtoon.html"> 
    <file href="powtoon.html"/> 
    <file href="exe_html5.js"/>
    <file href="Powtoon.png"/>
    <dependency identifierref="COMMON_FILES"/>
  </resource>
  <resource identifier="RES-eXe_de_videos5d5bab1424c79959b8c" type="webcontent" adlcp:scormtype="sco" href="wideo.html"> 
    <file href="wideo.html"/> 
    <file href="exe_html5.js"/>
    <file href="wideo.png"/>
    <dependency identifierref="COMMON_FILES"/>
  </resource>
  <resource identifier="RES-eXe_de_videos5d5bab1424c79959b8e" type="webcontent" adlcp:scormtype="sco" href="animoto.html"> 
    <file href="animoto.html"/> 
    <file href="exe_html5.js"/>
    <file href="animotoLogo.jpg"/>
    <dependency identifierref="COMMON_FILES"/>
  </resource>
  <resource identifier="RES-eXe_de_videos5d5bab1424c79959b810" type="webcontent" adlcp:scormtype="sco" href="autoevaluacin.html"> 
    <file href="autoevaluacin.html"/> 
    <file href="exe_html5.js"/>
    <dependency identifierref="COMMON_FILES"/>
  </resource>
  <resource identifier="RES-eXe_de_videos5d5bab1424c79959b912" type="webcontent" adlcp:scormtype="sco" href="descarga.html"> 
    <file href="descarga.html"/> 
    <file href="exe_html5.js"/>
    <file href="Herramientas_para_creacin_de_videos.elp"/>
    <file href="download-package-licenses.png"/>
    <file href="download-package.css"/>
    <dependency identifierref="COMMON_FILES"/>
  </resource>
  <resource identifier="RES-eXe_de_videos5d5bab1424c79959b914" type="webcontent" adlcp:scormtype="sco" href="bibliografa.html"> 
    <file href="bibliografa.html"/> 
    <file href="exe_html5.js"/>
    <dependency identifierref="COMMON_FILES"/>
  </resource>
  <resource identifier="COMMON_FILES" type="webcontent" adlcp:scormtype="asset">
    <file href="config.xml"/>
    <file href="content.css"/>
    <file href="icon_activity.png"/>
    <file href="icon_ask.png"/>
    <file href="icon_book.png"/>
    <file href="icon_calculate.png"/>
    <file href="icon_case.png"/>
    <file href="icon_diary.png"/>
    <file href="icon_discuss.png"/>
    <file href="icon_draw.png"/>
    <file href="icon_experiment.png"/>
    <file href="icon_explore.png"/>
    <file href="icon_file.png"/>
    <file href="icon_gallery.png"/>
    <file href="icon_interactive.png"/>
    <file href="icon_listen.png"/>
    <file href="icon_objectives.png"/>
    <file href="icon_observe.png"/>
    <file href="icon_perform.png"/>
    <file href="icon_play.png"/>
    <file href="icon_present.png"/>
    <file href="icon_reflection.png"/>
    <file href="icon_share.png"/>
    <file href="icon_start.png"/>
    <file href="icon_think.png"/>
    <file href="icon_video.png"/>
    <file href="nav.css"/>
    <file href="quicksand-regular-latin-ext.woff2"/>
    <file href="quicksand-regular-latin.woff2"/>
    <file href="quicksand-regular-vietnamese.woff2"/>
    <file href="_cedec_external_link.png"/>
    <file href="_cedec_icons.png"/>
    <file href="_cedec_icon_alert.png"/>
    <file href="_cedec_icon_danger.png"/>
    <file href="_cedec_icon_info.png"/>
    <file href="_cedec_icon_success.png"/>
    <file href="_cedec_icon_warning.png"/>
    <file href="_cedec_js.js"/>
    <file href="_cedec_left_column.gif"/>
    <file href="_cedec_licenses.gif"/>
    <file href="_cedec_loading.gif"/>
    <file href="_cedec_menu.gif"/>
    <file href="_cedec_pbl_duration.png"/>
    <file href="_cedec_pbl_participants.png"/>
    <file href="_cedec_print.gif"/>
    <file href="base.css"/>
    <file href="popup_bg.gif"/>
    <file href="SCORM_API_wrapper.js"/>
    <file href="SCOFunctions.js"/>
    <file href="common.js"/>
    <file href="common_i18n.js"/>
    <file href="exe_jquery.js"/>
  </resource>
</resources>
</manifest>
