<?xml version="1.0" encoding="UTF-8"?>
<!-- Generated by eXe - http://exelearning.net -->
<manifest identifier="eXeeducativas5d5bab1424c79855561" xmlns="http://www.imsproject.org/xsd/imscp_rootv1p1p2" xmlns:adlcp="http://www.adlnet.org/xsd/adlcp_rootv1p2" xmlns:imsmd="http://www.imsglobal.org/xsd/imsmd_v1p2" xmlns:xsi="http://www.w3.org/2001/XMLSchema-instance" xsi:schemaLocation="http://www.imsproject.org/xsd/imscp_rootv1p1p2 imscp_rootv1p1p2.xsd http://www.imsglobal.org/xsd/imsmd_rootv1p2p1 imsmd_rootv1p2p1.xsd http://www.adlnet.org/xsd/adlcp_rootv1p2 adlcp_rootv1p2.xsd" > 
<metadata> 
 <schema>ADL SCORM</schema> 
 <schemaversion>1.2</schemaversion> 
 <adlcp:location>imslrm.xml</adlcp:location> 
</metadata> 
<organizations default="eXeeducativas5d5bab1424c79855562">  
    <organization identifier="eXeeducativas5d5bab1424c79855562" structure="hierarchical">
        <title>Redes sociales educativas</title>
<item identifier="ITEM-eXeeducativas5d5bab1424c79855563" isvisible="true" identifierref="RES-eXeeducativas5d5bab1424c79855564">
    <title>Introducción</title>
<item identifier="ITEM-eXeeducativas5d5bab1424c79855565" isvisible="true" identifierref="RES-eXeeducativas5d5bab1424c79855566">
    <title>Objetivo</title>
</item>
<item identifier="ITEM-eXeeducativas5d5bab1424c79855577" isvisible="true" identifierref="RES-eXeeducativas5d5bab1424c79855578">
    <title>Redes sociales educativas</title>
<item identifier="ITEM-eXeeducativas5d5bab1424c79855579" isvisible="true" identifierref="RES-eXeeducativas5d5bab1424c7985557a">
    <title>Interuniversidades</title>
</item>
<item identifier="ITEM-eXeeducativas5d5bab1424c7985557b" isvisible="true" identifierref="RES-eXeeducativas5d5bab1424c7985557c">
    <title>Docsity</title>
</item>
<item identifier="ITEM-eXeeducativas5d5bab1424c7985557d" isvisible="true" identifierref="RES-eXeeducativas5d5bab1424c7985557e">
    <title>Brainly</title>
</item>
</item>
<item identifier="ITEM-eXeeducativas5d5bab1424c7985558f" isvisible="true" identifierref="RES-eXeeducativas5d5bab1424c798555810">
    <title>Autoevaluación</title>
</item>
<item identifier="ITEM-eXeeducativas5d5bab1424c798555811" isvisible="true" identifierref="RES-eXeeducativas5d5bab1424c798555812">
    <title>Descarga</title>
</item>
<item identifier="ITEM-eXeeducativas5d5bab1424c798555813" isvisible="true" identifierref="RES-eXeeducativas5d5bab1424c798555814">
    <title>Bibliografía</title>
</item>
</item>
  </organization>
</organizations>
<resources>
  <resource identifier="RES-eXeeducativas5d5bab1424c79855564" type="webcontent" adlcp:scormtype="sco" href="index.html"> 
    <file href="index.html"/> 
    <file href="exe_html5.js"/>
    <file href="150EPN.png"/>
    <dependency identifierref="COMMON_FILES"/>
  </resource>
  <resource identifier="RES-eXeeducativas5d5bab1424c79855566" type="webcontent" adlcp:scormtype="sco" href="objetivo.html"> 
    <file href="objetivo.html"/> 
    <file href="exe_html5.js"/>
    <dependency identifierref="COMMON_FILES"/>
  </resource>
  <resource identifier="RES-eXeeducativas5d5bab1424c79855578" type="webcontent" adlcp:scormtype="sco" href="redes_sociales_educativas.html"> 
    <file href="redes_sociales_educativas.html"/> 
    <file href="exe_html5.js"/>
    <file href="preziCarrusel.jpg"/>
    <file href="geniallyCarrusel.png"/>
    <file href="TikiTokiCarrusel.jpg"/>
    <file href="EdmodoCarrusel.jpg"/>
    <file href="TumblrCarrusel.png"/>
    <file href="AnimotoCarrusel.png"/>
    <file href="PiktochartCarrusel.png"/>
    <file href="PowtoonCarrusel.jpg"/>
    <file href="WhatsApp_Image_2019-11-29_at_12.25.53_AM.jpeg"/>
    <file href="ChamiloCarrusel.png"/>
    <file href="Pixorial.jpg"/>
    <file href="MoodleCarrusel.jpg"/>
    <file href="wixCarrusel.jpg"/>
    <file href="TimelineJSCarrusel.jpg"/>
    <file href="docsityCarrusel.png"/>
    <file href="SutoriCarrusel.png"/>
    <file href="PowtoonCarrusel.1.jpg"/>
    <file href="emazeCarrusel.jpg"/>
    <file href="BrainlyCarrusel.jpg"/>
    <file href="InteruniversidadesCarrusel.jpg"/>
    <file href="Logo_Inclusion_Digital.jpeg"/>
    <file href="venngageCarrusel.jpg"/>
    <file href="BloggerCarrusel.png"/>
    <file href="WideoCarrusel.jpg"/>
    <file href="VismeCarrusel.jpg"/>
    <file href="exe_effects.css"/>
    <file href="exe_effects.js"/>
    <dependency identifierref="COMMON_FILES"/>
  </resource>
  <resource identifier="RES-eXeeducativas5d5bab1424c7985557a" type="webcontent" adlcp:scormtype="sco" href="interuniversidades.html"> 
    <file href="interuniversidades.html"/> 
    <file href="exe_html5.js"/>
    <file href="timelinejsLogo.jpg"/>
    <file href="LogoInteruniversidades.png"/>
    <file href="vismeLogo.jpg"/>
    <file href="Tumblr-Logo.jpg"/>
    <file href="Powtoon.png"/>
    <file href="geniallyLogo.jpg"/>
    <file href="moodleLogo.png"/>
    <dependency identifierref="COMMON_FILES"/>
  </resource>
  <resource identifier="RES-eXeeducativas5d5bab1424c7985557c" type="webcontent" adlcp:scormtype="sco" href="docsity.html"> 
    <file href="docsity.html"/> 
    <file href="exe_html5.js"/>
    <file href="wideo.png"/>
    <file href="EdmodoLogo.jpg"/>
    <file href="docsityLogo.png"/>
    <file href="PiktochartLogo.png"/>
    <file href="preziLogo.svg.png"/>
    <file href="TikiTokiLogo.png"/>
    <file href="wixLogo.png"/>
    <dependency identifierref="COMMON_FILES"/>
  </resource>
  <resource identifier="RES-eXeeducativas5d5bab1424c7985557e" type="webcontent" adlcp:scormtype="sco" href="brainly.html"> 
    <file href="brainly.html"/> 
    <file href="exe_html5.js"/>
    <file href="ChamiloLogo.png"/>
    <file href="venngageLogo.jpg"/>
    <file href="animotoLogo.jpg"/>
    <file href="BrainlyLogo.png"/>
    <file href="Blogger.svg.png"/>
    <file href="SutoriLogo.jpg"/>
    <file href="emazeLogo.png"/>
    <dependency identifierref="COMMON_FILES"/>
  </resource>
  <resource identifier="RES-eXeeducativas5d5bab1424c798555810" type="webcontent" adlcp:scormtype="sco" href="autoevaluacin.html"> 
    <file href="autoevaluacin.html"/> 
    <file href="exe_html5.js"/>
    <dependency identifierref="COMMON_FILES"/>
  </resource>
  <resource identifier="RES-eXeeducativas5d5bab1424c798555812" type="webcontent" adlcp:scormtype="sco" href="descarga.html"> 
    <file href="descarga.html"/> 
    <file href="exe_html5.js"/>
    <file href="Redes_sociales_educativas.elp"/>
    <file href="download-package-licenses.png"/>
    <file href="download-package.css"/>
    <dependency identifierref="COMMON_FILES"/>
  </resource>
  <resource identifier="RES-eXeeducativas5d5bab1424c798555814" type="webcontent" adlcp:scormtype="sco" href="bibliografa.html"> 
    <file href="bibliografa.html"/> 
    <file href="exe_html5.js"/>
    <dependency identifierref="COMMON_FILES"/>
  </resource>
  <resource identifier="COMMON_FILES" type="webcontent" adlcp:scormtype="asset">
    <file href="config.xml"/>
    <file href="content.css"/>
    <file href="icon_activity.png"/>
    <file href="icon_ask.png"/>
    <file href="icon_book.png"/>
    <file href="icon_calculate.png"/>
    <file href="icon_case.png"/>
    <file href="icon_diary.png"/>
    <file href="icon_discuss.png"/>
    <file href="icon_draw.png"/>
    <file href="icon_experiment.png"/>
    <file href="icon_explore.png"/>
    <file href="icon_file.png"/>
    <file href="icon_gallery.png"/>
    <file href="icon_interactive.png"/>
    <file href="icon_listen.png"/>
    <file href="icon_objectives.png"/>
    <file href="icon_observe.png"/>
    <file href="icon_perform.png"/>
    <file href="icon_play.png"/>
    <file href="icon_present.png"/>
    <file href="icon_reflection.png"/>
    <file href="icon_share.png"/>
    <file href="icon_start.png"/>
    <file href="icon_think.png"/>
    <file href="icon_video.png"/>
    <file href="nav.css"/>
    <file href="quicksand-regular-latin-ext.woff2"/>
    <file href="quicksand-regular-latin.woff2"/>
    <file href="quicksand-regular-vietnamese.woff2"/>
    <file href="_cedec_external_link.png"/>
    <file href="_cedec_icons.png"/>
    <file href="_cedec_icon_alert.png"/>
    <file href="_cedec_icon_danger.png"/>
    <file href="_cedec_icon_info.png"/>
    <file href="_cedec_icon_success.png"/>
    <file href="_cedec_icon_warning.png"/>
    <file href="_cedec_js.js"/>
    <file href="_cedec_left_column.gif"/>
    <file href="_cedec_licenses.gif"/>
    <file href="_cedec_loading.gif"/>
    <file href="_cedec_menu.gif"/>
    <file href="_cedec_pbl_duration.png"/>
    <file href="_cedec_pbl_participants.png"/>
    <file href="_cedec_print.gif"/>
    <file href="base.css"/>
    <file href="popup_bg.gif"/>
    <file href="SCORM_API_wrapper.js"/>
    <file href="SCOFunctions.js"/>
    <file href="common.js"/>
    <file href="common_i18n.js"/>
    <file href="exe_jquery.js"/>
  </resource>
</resources>
</manifest>
